{
  "bytes": 30055671,
  "count_of_rows": 273430,
  "hash": "3a89f437d2ca6c3da4c19272106e5f39",
  "name": "covid-19",
  "profile": "data-package",
  "resources": [
    {
      "bytes": 921410,
      "dialect": {
        "caseSensitiveHeader": false,
        "delimiter": ",",
        "doubleQuote": true,
        "header": true,
        "lineTerminator": "\r\n",
        "quoteChar": "\"",
        "skipInitialSpace": false
      },
      "encoding": "utf-8",
      "format": "csv",
      "hash": "f2461ec82aa171d10e0b755f533da118",
      "name": "time-series-19-covid-combined",
      "path": "data/time-series-19-covid-combined.csv",
      "profile": "tabular-data-resource",
      "schema": {
        "fields": [
          {
            "format": "%Y-%m-%d",
            "name": "Date",
            "type": "date"
          },
          {
            "format": "default",
            "name": "Country/Region",
            "type": "string"
          },
          {
            "format": "default",
            "name": "Province/State",
            "type": "string"
          },
          {
            "decimalChar": ".",
            "format": "default",
            "groupChar": "",
            "name": "Lat",
            "type": "number"
          },
          {
            "decimalChar": ".",
            "format": "default",
            "groupChar": "",
            "name": "Long",
            "type": "number"
          },
          {
            "format": "default",
            "groupChar": "",
            "name": "Confirmed",
            "title": "Cumulative total confirmed cases to date",
            "type": "integer"
          },
          {
            "format": "default",
            "groupChar": "",
            "name": "Recovered",
            "title": "Cumulative total recovered cases to date",
            "type": "integer"
          },
          {
            "format": "default",
            "groupChar": "",
            "name": "Deaths",
            "title": "Cumulative total deaths to date",
            "type": "integer"
          }
        ],
        "missingValues": [
          "None",
          ""
        ]
      }
    },
    {
      "bytes": 3367,
      "dialect": {
        "delimiter": ",",
        "doubleQuote": true,
        "lineTerminator": "\r\n",
        "quoteChar": "\"",
        "skipInitialSpace": false
      },
      "encoding": "utf-8",
      "format": "csv",
      "hash": "194f725c21f0921f30e9cb6de7ba89f5",
      "name": "key-countries-pivoted",
      "path": "data/key-countries-pivoted.csv",
      "profile": "data-resource",
      "schema": {
        "fields": [
          {
            "format": "%Y-%m-%d",
            "name": "Date",
            "type": "date"
          },
          {
            "description": "Cumulative total confirmed cases to date.",
            "name": "China",
            "type": "integer"
          },
          {
            "description": "Cumulative total confirmed cases to date.",
            "name": "US",
            "type": "integer"
          },
          {
            "description": "Cumulative total confirmed cases to date.",
            "name": "United_Kingdom",
            "type": "integer"
          },
          {
            "description": "Cumulative total confirmed cases to date.",
            "name": "Italy",
            "type": "integer"
          },
          {
            "description": "Cumulative total confirmed cases to date.",
            "name": "France",
            "type": "integer"
          },
          {
            "description": "Cumulative total confirmed cases to date.",
            "name": "Germany",
            "type": "integer"
          },
          {
            "description": "Cumulative total confirmed cases to date.",
            "name": "Spain",
            "type": "integer"
          },
          {
            "description": "Cumulative total confirmed cases to date.",
            "name": "Iran",
            "type": "integer"
          }
        ],
        "missingValues": [
          "None",
          ""
        ]
      }
    },
    {
      "bytes": 378331,
      "dialect": {
        "delimiter": ",",
        "doubleQuote": true,
        "lineTerminator": "\r\n",
        "quoteChar": "\"",
        "skipInitialSpace": false
      },
      "encoding": "utf-8",
      "format": "csv",
      "hash": "754f4bb59631d3ea3f17a8a161509653",
      "name": "countries-aggregated",
      "path": "data/countries-aggregated.csv",
      "profile": "data-resource",
      "schema": {
        "fields": [
          {
            "format": "%Y-%m-%d",
            "name": "Date",
            "type": "date"
          },
          {
            "format": "default",
            "name": "Country",
            "type": "string"
          },
          {
            "format": "default",
            "groupChar": "",
            "name": "Confirmed",
            "title": "Cumulative total confirmed cases to date",
            "type": "integer"
          },
          {
            "format": "default",
            "groupChar": "",
            "name": "Recovered",
            "title": "Cumulative total recovered cases to date",
            "type": "integer"
          },
          {
            "format": "default",
            "groupChar": "",
            "name": "Deaths",
            "title": "Cumulative total deaths to date",
            "type": "integer"
          }
        ],
        "missingValues": [
          "None",
          ""
        ]
      }
    },
    {
      "bytes": 3510,
      "dialect": {
        "delimiter": ",",
        "doubleQuote": true,
        "lineTerminator": "\r\n",
        "quoteChar": "\"",
        "skipInitialSpace": false
      },
      "encoding": "utf-8",
      "format": "csv",
      "hash": "85e6ae0416bda3a838c646ad36ced390",
      "name": "worldwide-aggregated",
      "path": "data/worldwide-aggregated.csv",
      "profile": "data-resource",
      "schema": {
        "fields": [
          {
            "format": "%Y-%m-%d",
            "name": "Date",
            "type": "date"
          },
          {
            "format": "default",
            "groupChar": "",
            "name": "Confirmed",
            "title": "Cumulative total confirmed cases to date",
            "type": "integer"
          },
          {
            "format": "default",
            "groupChar": "",
            "name": "Recovered",
            "title": "Cumulative total recovered cases to date",
            "type": "integer"
          },
          {
            "format": "default",
            "groupChar": "",
            "name": "Deaths",
            "title": "Cumulative total deaths to date",
            "type": "integer"
          },
          {
            "decimalChar": ".",
            "description": "Inrease rate from the previous day in percentage.",
            "groupChar": "",
            "name": "Increase rate",
            "type": "number"
          }
        ],
        "missingValues": [
          "None",
          ""
        ]
      }
    },
    {
      "bytes": 28749053,
      "dialect": {
        "caseSensitiveHeader": false,
        "delimiter": ",",
        "doubleQuote": true,
        "header": true,
        "lineTerminator": "\r\n",
        "quoteChar": "\"",
        "skipInitialSpace": false
      },
      "encoding": "utf-8",
      "format": "csv",
      "hash": "1305959341d30e44dec52842dc42628b",
      "name": "us",
      "path": "data/us.csv",
      "profile": "tabular-data-resource",
      "schema": {
        "fields": [
          {
            "format": "default",
            "name": "UID",
            "type": "integer"
          },
          {
            "format": "default",
            "name": "iso2",
            "type": "string"
          },
          {
            "format": "default",
            "name": "iso3",
            "type": "string"
          },
          {
            "format": "default",
            "name": "code3",
            "type": "integer"
          },
          {
            "decimalChar": ".",
            "format": "default",
            "groupChar": "",
            "name": "FIPS",
            "type": "number"
          },
          {
            "format": "default",
            "name": "Admin2",
            "type": "string"
          },
          {
            "format": "default",
            "name": "Province_State",
            "type": "string"
          },
          {
            "format": "default",
            "name": "Country_Region",
            "type": "string"
          },
          {
            "decimalChar": ".",
            "format": "default",
            "groupChar": "",
            "name": "Lat",
            "type": "number"
          },
          {
            "decimalChar": ".",
            "format": "default",
            "groupChar": "",
            "name": "Long_",
            "type": "number"
          },
          {
            "format": "default",
            "name": "Combined_Key",
            "type": "string"
          },
          {
            "format": "default",
            "name": "Population",
            "type": "integer"
          },
          {
            "format": "%Y-%m-%d",
            "name": "Date",
            "type": "date"
          },
          {
            "decimalChar": ".",
            "format": "default",
            "groupChar": "",
            "name": "Confirmed",
            "type": "number"
          },
          {
            "decimalChar": ".",
            "format": "default",
            "groupChar": "",
            "name": "Deaths",
            "type": "number"
          }
        ],
        "missingValues": [
          "None",
          ""
        ]
      }
    }
  ],
  "title": "Novel Coronavirus 2019",
  "views": [
    {
      "resources": [
        "worldwide-aggregated"
      ],
      "spec": {
        "group": "Date",
        "series": [
          "Confirmed",
          "Deaths"
        ],
        "type": "line"
      },
      "specType": "simple",
      "title": "Total world to date"
    },
    {
      "resources": [
        "key-countries-pivoted"
      ],
      "spec": {
        "group": "Date",
        "series": [
          "China",
          "US",
          "United_Kingdom",
          "Italy",
          "France",
          "Germany",
          "Spain",
          "Iran"
        ],
        "type": "line"
      },
      "specType": "simple",
      "title": "Number of confirmed cases in key countries"
    },
    {
      "resources": [
        {
          "name": "worldwide-aggregated",
          "transform": [
            {
              "asFields": [
                "Mortality rate"
              ],
              "expressions": [
                "data['Deaths'] / data['Confirmed'] * 100 + '%'"
              ],
              "type": "formula"
            }
          ]
        }
      ],
      "spec": {
        "group": "Date",
        "series": [
          "Mortality rate"
        ],
        "type": "bar"
      },
      "specType": "simple",
      "title": "Mortality rate in percentage"
    },
    {
      "resources": [
        "worldwide-aggregated"
      ],
      "spec": {
        "group": "Date",
        "series": [
          "Increase rate"
        ],
        "type": "bar"
      },
      "specType": "simple",
      "title": "Increase rate from previous day in confirmed cases worldwide"
    }
  ]
}